iluminacao_accuracy,iluminacao_loss,loss,termica_accuracy,termica_loss,val_iluminacao_accuracy,val_iluminacao_loss,val_loss,val_termica_accuracy,val_termica_loss
0.5,0.716473400592804,1.8896141052246094,0.3333333432674408,1.1680504083633423,0.5,0.7005891799926758,1.8203469514846802,0.3333333432674408,1.1511080265045166
0.5,0.6893329620361328,1.7999398708343506,0.3333333432674408,1.1053186655044556,0.5,0.6817810535430908,1.7795177698135376,0.3333333432674408,1.1116461753845215
0.5,0.6669066548347473,1.758895754814148,0.3333333432674408,1.0792367458343506,0.5,0.6546950340270996,1.7405298948287964,0.5,1.0885977745056152
0.5,0.6374145150184631,1.7212060689926147,0.4722222089767456,1.0626413822174072,0.5,0.6193612813949585,1.6986173391342163,0.3333333432674408,1.0752463340759277
0.5277777910232544,0.6021937131881714,1.6827569007873535,0.3333333432674408,1.0521471500396729,0.6666666865348816,0.5778318643569946,1.655189871788025,0.3333333432674408,1.0677268505096436
0.6388888955116272,0.5626035332679749,1.6418144702911377,0.3333333432674408,1.0456334352493286,0.9166666865348816,0.5345869064331055,1.61321222782135,0.3333333432674408,1.062781572341919
0.8611111044883728,0.523871660232544,1.6037167310714722,0.3333333432674408,1.043230414390564,0.9166666865348816,0.4910987615585327,1.5706830024719238,0.3333333432674408,1.0589499473571777
0.9166666865348816,0.4862249791622162,1.5623646974563599,0.3333333432674408,1.0392898321151733,0.9166666865348816,0.44535914063453674,1.5232638120651245,0.3333333432674408,1.0531504154205322
0.9166666865348816,0.44633692502975464,1.5130562782287598,0.3333333432674408,1.0322682857513428,0.9166666865348816,0.39698100090026855,1.4715358018875122,0.3333333432674408,1.04593825340271
0.9444444179534912,0.40420204401016235,1.4567900896072388,0.3333333432674408,1.0220272541046143,0.9166666865348816,0.3467085063457489,1.4174355268478394,0.3333333432674408,1.038285255432129
0.9444444179534912,0.3596630394458771,1.3978466987609863,0.3333333432674408,1.0112731456756592,1.0,0.2981942892074585,1.3651914596557617,0.3333333432674408,1.0310757160186768
0.9444444179534912,0.3158191740512848,1.3412470817565918,0.3333333432674408,1.0010640621185303,1.0,0.25316494703292847,1.3149937391281128,0.3333333432674408,1.0241243839263916
0.9444444179534912,0.27661457657814026,1.2871230840682983,0.3333333432674408,0.9883940815925598,1.0,0.21270252764225006,1.2682064771652222,0.3333333432674408,1.0169788599014282
0.9444444179534912,0.24183273315429688,1.237735629081726,0.3333333432674408,0.9758898019790649,1.0,0.1781420111656189,1.2249583005905151,0.3333333432674408,1.0092114210128784
0.9444444179534912,0.21163205802440643,1.1918892860412598,0.4166666567325592,0.9621957540512085,1.0,0.14990933239459991,1.185083031654358,0.4166666567325592,0.9995304346084595
0.9722222089767456,0.18619325757026672,1.1496927738189697,0.5833333134651184,0.9467226266860962,1.0,0.12746025621891022,1.1485623121261597,0.5,0.9876973628997803
0.9722222089767456,0.16570749878883362,1.111209511756897,0.6388888955116272,0.92942875623703,1.0,0.10983356088399887,1.1143354177474976,0.6666666865348816,0.9736529588699341
0.9722222089767456,0.15035441517829895,1.0738478899002075,0.7222222089767456,0.9074700474739075,1.0,0.09599320590496063,1.0814145803451538,0.6666666865348816,0.9559919238090515
0.9722222089767456,0.13735607266426086,1.0389593839645386,0.7222222089767456,0.885074257850647,1.0,0.08529216051101685,1.0483235120773315,0.6666666865348816,0.9350060224533081
0.9722222089767456,0.1270262449979782,1.004542350769043,0.7222222089767456,0.8603407144546509,1.0,0.07707835733890533,1.0147465467453003,0.75,0.9109627604484558
0.9722222089767456,0.11942297220230103,0.9693479537963867,0.7777777910232544,0.8322277069091797,1.0,0.07044248282909393,0.9798741340637207,0.75,0.8848166465759277
0.9722222089767456,0.11345893144607544,0.9323752522468567,0.7777777910232544,0.800418496131897,1.0,0.06489874422550201,0.9443507194519043,0.8333333134651184,0.8565189838409424
0.9722222089767456,0.10818171501159668,0.8953539729118347,0.7777777910232544,0.7675901055335999,1.0,0.060388192534446716,0.9079225659370422,0.8333333134651184,0.8261215090751648
0.9722222089767456,0.10350527614355087,0.8580901026725769,0.7777777910232544,0.7338314056396484,1.0,0.056851211935281754,0.8705794215202332,0.8333333134651184,0.7938148379325867
0.9722222089767456,0.10003221035003662,0.8208075165748596,0.7777777910232544,0.6992121934890747,1.0,0.05384119227528572,0.8318880200386047,0.8333333134651184,0.7600946426391602
0.9722222089767456,0.09740307927131653,0.7826057076454163,0.8055555820465088,0.663016676902771,1.0,0.0509173646569252,0.7939746379852295,0.8333333134651184,0.7259132862091064
0.9722222089767456,0.09445555508136749,0.7469001412391663,0.8055555820465088,0.6300460696220398,1.0,0.0484594851732254,0.7568710446357727,0.8333333134651184,0.6921405792236328
0.9722222089767456,0.09202603250741959,0.7121075987815857,0.8055555820465088,0.5976759791374207,1.0,0.04618275165557861,0.7220997214317322,0.8333333134651184,0.6609225869178772
0.9722222089767456,0.08955440670251846,0.6804102659225464,0.8055555820465088,0.5690356492996216,1.0,0.04412900283932686,0.6871562600135803,0.8333333134651184,0.630126953125
0.9722222089767456,0.08717098832130432,0.6498851776123047,0.8055555820465088,0.5416384339332581,1.0,0.04234050586819649,0.6546043753623962,0.8333333134651184,0.6005990505218506
0.9722222089767456,0.08524410426616669,0.621444821357727,0.8611111044883728,0.5157473087310791,1.0,0.04046044126152992,0.6249458193778992,0.8333333134651184,0.5734005570411682
0.9722222089767456,0.08338496834039688,0.5959566831588745,0.8611111044883728,0.4928955137729645,1.0,0.03824137523770332,0.596588134765625,0.8333333134651184,0.5482640862464905
0.9722222089767456,0.08085877448320389,0.5724983215332031,0.8611111044883728,0.47271203994750977,1.0,0.03617003560066223,0.5702624917030334,0.8333333134651184,0.5246216654777527
0.9722222089767456,0.07846560329198837,0.5513807535171509,0.8611111044883728,0.4544840455055237,1.0,0.034287597984075546,0.5457003116607666,0.8333333134651184,0.5023863315582275
0.9722222089767456,0.07644503563642502,0.5324518084526062,0.8611111044883728,0.438134104013443,1.0,0.03239530324935913,0.521972119808197,0.8333333134651184,0.48132553696632385
0.9722222089767456,0.07440411299467087,0.514811098575592,0.8888888955116272,0.42310619354248047,1.0,0.030532825738191605,0.4996556341648102,0.8333333134651184,0.46156203746795654
0.9722222089767456,0.07230144739151001,0.498507022857666,0.8888888955116272,0.409307062625885,1.0,0.028799066320061684,0.4790877401828766,0.9166666865348816,0.44305720925331116
0.9722222089767456,0.07029369473457336,0.48370468616485596,0.8888888955116272,0.3967753052711487,1.0,0.027197740972042084,0.45988237857818604,0.9166666865348816,0.4255687892436981
0.9722222089767456,0.06849376857280731,0.47018030285835266,0.8888888955116272,0.3853364884853363,1.0,0.025697991251945496,0.44157877564430237,1.0,0.4088782072067261
0.9722222089767456,0.06670037657022476,0.4574142098426819,0.8888888955116272,0.37466520071029663,1.0,0.024347329512238503,0.42430123686790466,1.0,0.39298415184020996
0.9722222089767456,0.06497292220592499,0.4453860819339752,0.9166666865348816,0.3645870089530945,1.0,0.02311989665031433,0.4080401360988617,1.0,0.37788939476013184
0.9722222089767456,0.06335917860269547,0.4339430630207062,0.9166666865348816,0.35484522581100464,1.0,0.021978123113512993,0.392812043428421,1.0,0.3636796474456787
0.9722222089767456,0.06178654357790947,0.423705518245697,0.9166666865348816,0.34640833735466003,1.0,0.02092297375202179,0.37775373458862305,1.0,0.3498092293739319
0.9722222089767456,0.06016187742352486,0.4135622978210449,0.9166666865348816,0.3380802273750305,1.0,0.019999820739030838,0.3636326789855957,1.0,0.3365834653377533
0.9722222089767456,0.05863570049405098,0.4039067029953003,0.9166666865348816,0.3299705386161804,1.0,0.019174283370375633,0.3505474627017975,1.0,0.32406121492385864
0.9722222089767456,0.05732206255197525,0.3950101137161255,0.9166666865348816,0.32238781452178955,1.0,0.01837063767015934,0.3380821645259857,1.0,0.31209051609039307
0.9722222089767456,0.055992595851421356,0.3864832818508148,0.9166666865348816,0.31533220410346985,1.0,0.017593828961253166,0.3260684907436371,1.0,0.3005855083465576
0.9722222089767456,0.05456556752324104,0.3781244456768036,0.9166666865348816,0.3085483908653259,1.0,0.016904305666685104,0.3146534264087677,1.0,0.28957289457321167
0.9722222089767456,0.05321112275123596,0.3701111078262329,0.9444444179534912,0.3019539713859558,1.0,0.016274062916636467,0.30374476313591003,1.0,0.27901679277420044
0.9722222089767456,0.05205623060464859,0.36258840560913086,0.9444444179534912,0.2957438826560974,1.0,0.015613306313753128,0.29294291138648987,1.0,0.2688385248184204
0.9722222089767456,0.05070436745882034,0.35501161217689514,0.9444444179534912,0.28960227966308594,1.0,0.015011182986199856,0.28277191519737244,1.0,0.2591363191604614
0.9722222089767456,0.04935873672366142,0.34784209728240967,0.9444444179534912,0.2837156355381012,1.0,0.01447732001543045,0.27326348423957825,1.0,0.24987661838531494
0.9722222089767456,0.04815644025802612,0.34138476848602295,0.9444444179534912,0.27847638726234436,1.0,0.014010393060743809,0.2640368640422821,1.0,0.2408173382282257
0.9722222089767456,0.047092121094465256,0.33465659618377686,0.9444444179534912,0.2727726399898529,1.0,0.013587631285190582,0.25551068782806396,1.0,0.2322160303592682
0.9722222089767456,0.04621177911758423,0.3282037377357483,0.9444444179534912,0.2671750485897064,1.0,0.013104768469929695,0.24742190539836884,1.0,0.22414615750312805
0.9722222089767456,0.04513338953256607,0.3222067654132843,0.9444444179534912,0.2623782455921173,1.0,0.012609547935426235,0.23918850719928741,1.0,0.21624605357646942
0.9722222089767456,0.04396173730492592,0.3164600431919098,0.9444444179534912,0.25813716650009155,1.0,0.012185240164399147,0.23078298568725586,1.0,0.20839087665081024
0.9722222089767456,0.04274676740169525,0.30979782342910767,0.9444444179534912,0.25258490443229675,1.0,0.011873631738126278,0.22370225191116333,1.0,0.201270192861557
0.9722222089767456,0.04197796806693077,0.3045961856842041,0.9444444179534912,0.24800081551074982,1.0,0.011482656933367252,0.2169172614812851,1.0,0.19452178478240967
0.9722222089767456,0.041027508676052094,0.29978248476982117,0.9444444179534912,0.2443692684173584,1.0,0.011058790609240532,0.20984844863414764,1.0,0.1877703070640564
0.9722222089767456,0.039982836693525314,0.2940191924571991,0.9444444179534912,0.23985441029071808,1.0,0.010653557255864143,0.203269362449646,1.0,0.18145594000816345
0.9722222089767456,0.038931503891944885,0.2889704704284668,0.9444444179534912,0.23595869541168213,1.0,0.010298357345163822,0.19677799940109253,1.0,0.17530624568462372
0.9722222089767456,0.0379013791680336,0.2836923897266388,0.9444444179534912,0.23154573142528534,1.0,0.010025706142187119,0.19124633073806763,1.0,0.1697295904159546
0.9722222089767456,0.03704483434557915,0.2795923054218292,0.9444444179534912,0.22825077176094055,1.0,0.009792900644242764,0.1856999546289444,1.0,0.16422274708747864
0.9722222089767456,0.03626761585474014,0.2749861478805542,0.9444444179534912,0.2245618849992752,1.0,0.00950799323618412,0.18037207424640656,1.0,0.1590111255645752
1.0,0.0353652760386467,0.2702868580818176,0.9444444179534912,0.22087326645851135,1.0,0.009217876009643078,0.17520171403884888,1.0,0.15402477979660034
1.0,0.03444718196988106,0.2661532759666443,0.9444444179534912,0.21781392395496368,1.0,0.008975133299827576,0.1699245572090149,1.0,0.1490659862756729
1.0,0.03361719846725464,0.26172304153442383,0.9444444179534912,0.21422810852527618,1.0,0.008715572766959667,0.16517603397369385,1.0,0.14446702599525452
1.0,0.032875314354896545,0.2576620876789093,0.9444444179534912,0.21103723347187042,1.0,0.008326645940542221,0.16056255996227264,1.0,0.1401076763868332
1.0,0.03186408430337906,0.253562867641449,0.9444444179534912,0.20805665850639343,1.0,0.008054192177951336,0.15632221102714539,1.0,0.135969340801239
1.0,0.031064581125974655,0.24985085427761078,0.9444444179534912,0.20507986843585968,1.0,0.007849195972084999,0.15220719575881958,1.0,0.13195453584194183
1.0,0.030501026660203934,0.2461409866809845,0.9444444179534912,0.20205505192279816,1.0,0.007490243297070265,0.14803750813007355,1.0,0.1281147003173828
1.0,0.02957877889275551,0.24230867624282837,0.9444444179534912,0.19926047325134277,1.0,0.007227961905300617,0.14418183267116547,1.0,0.12447262555360794
1.0,0.028779875487089157,0.23907470703125,0.9444444179534912,0.19682097434997559,1.0,0.007039156276732683,0.14021800458431244,1.0,0.12080095708370209
1.0,0.028228601440787315,0.23562738299369812,0.9444444179534912,0.194147527217865,1.0,0.006725297309458256,0.136257141828537,1.0,0.11729253828525543
1.0,0.027288416400551796,0.23171938955783844,0.9444444179534912,0.1911950409412384,1.0,0.006555497646331787,0.1331777125597,1.0,0.11422644555568695
1.0,0.026581233367323875,0.22896446287631989,0.9444444179534912,0.18901436030864716,1.0,0.006456653121858835,0.13014203310012817,1.0,0.11120438575744629
1.0,0.026126787066459656,0.22617562115192413,0.9444444179534912,0.18687891960144043,1.0,0.006209936924278736,0.12680655717849731,1.0,0.10817328095436096
1.0,0.025467727333307266,0.22260962426662445,0.9444444179534912,0.18418367207050323,1.0,0.005943838972598314,0.12364234775304794,1.0,0.10528743267059326
1.0,0.024630507454276085,0.21924978494644165,0.9444444179534912,0.1816505640745163,1.0,0.00583065627142787,0.12086794525384903,1.0,0.1025688499212265
1.0,0.02406427077949047,0.21677494049072266,0.9444444179534912,0.17962202429771423,1.0,0.005754879210144281,0.11798059940338135,1.0,0.09982647001743317
1.0,0.02370784804224968,0.21419201791286469,0.9444444179534912,0.17761218547821045,1.0,0.005499727558344603,0.11486753076314926,1.0,0.09713561832904816
1.0,0.023028265684843063,0.21081382036209106,0.9444444179534912,0.17508691549301147,1.0,0.005265930667519569,0.1123359203338623,1.0,0.09478961676359177
1.0,0.022310500964522362,0.20812299847602844,0.9444444179534912,0.17315196990966797,1.0,0.005104772746562958,0.10998155921697617,1.0,0.09254743158817291
1.0,0.021713530644774437,0.2056574672460556,0.9444444179534912,0.1713201403617859,1.0,0.004980060271918774,0.10761380195617676,1.0,0.09032154828310013
1.0,0.02124909684062004,0.20293261110782623,0.9444444179534912,0.16911014914512634,1.0,0.004808841738849878,0.10525757074356079,1.0,0.08817028999328613
1.0,0.020651262253522873,0.20055487751960754,0.9444444179534912,0.16739949584007263,1.0,0.00471096346154809,0.10279472917318344,1.0,0.08594275265932083
1.0,0.02015291526913643,0.1979772001504898,0.9444444179534912,0.165246844291687,1.0,0.004651706665754318,0.10070595890283585,1.0,0.08393855392932892
1.0,0.019817600026726723,0.19588607549667358,0.9444444179534912,0.16361932456493378,1.0,0.004434698261320591,0.09855315834283829,1.0,0.08204759657382965
1.0,0.019215833395719528,0.19343672692775726,0.9444444179534912,0.1619742512702942,1.0,0.0042500062845647335,0.09644841402769089,1.0,0.08019441366195679
1.0,0.01861036941409111,0.19094213843345642,0.9444444179534912,0.16014662384986877,1.0,0.004147185478359461,0.09448789805173874,1.0,0.07839001715183258
1.0,0.018129801377654076,0.1887325793504715,0.9444444179534912,0.15840719640254974,1.0,0.004060108680278063,0.0924556627869606,1.0,0.07655659317970276
1.0,0.017783334478735924,0.18663854897022247,0.9444444179534912,0.1567176878452301,1.0,0.0039050390478223562,0.09038763493299484,1.0,0.07477594912052155
1.0,0.017286185175180435,0.18448911607265472,0.9444444179534912,0.15515349805355072,1.0,0.0037715272046625614,0.08850428462028503,1.0,0.07311940938234329
1.0,0.01681172288954258,0.18241450190544128,0.9444444179534912,0.15361586213111877,1.0,0.0036791241727769375,0.08679109066724777,1.0,0.07156073302030563
1.0,0.016403917223215103,0.18022339046001434,0.9444444179534912,0.15186798572540283,1.0,0.0035876519978046417,0.08518797904253006,1.0,0.07008638978004456
1.0,0.016026878729462624,0.1783314347267151,0.9444444179534912,0.15041644871234894,1.0,0.0034791240468621254,0.08346568793058395,1.0,0.06857803463935852
1.0,0.015647178515791893,0.1763053685426712,0.9444444179534912,0.14884252846240997,1.0,0.0033587852958589792,0.08193091303110123,1.0,0.06721018254756927
1.0,0.01511817891150713,0.1743791550397873,0.9444444179534912,0.14746764302253723,1.0,0.00336083653382957,0.08047781884670258,1.0,0.06582539528608322
1.0,0.014913395047187805,0.1727859377861023,0.9444444179534912,0.14606398344039917,1.0,0.0032614455558359623,0.07879786938428879,1.0,0.0643991008400917
1.0,0.014614006504416466,0.17079037427902222,0.9444444179534912,0.1446530520915985,1.0,0.003041154006496072,0.07707709074020386,1.0,0.0630473867058754
1.0,0.013988545164465904,0.16851770877838135,0.9444444179534912,0.1429978311061859,1.0,0.0030685702804476023,0.07593842595815659,1.0,0.06186779588460922
1.0,0.013749247416853905,0.16715186834335327,0.9444444179534912,0.14173392951488495,1.0,0.0030512548983097076,0.0747201219201088,1.0,0.06071051210165024
1.0,0.013546207919716835,0.1656777560710907,0.9444444179534912,0.14071285724639893,1.0,0.0028686344157904387,0.07321388274431229,1.0,0.059525154531002045
1.0,0.0130357276648283,0.16321229934692383,0.9444444179534912,0.13881340622901917,1.0,0.002879947191104293,0.07213906198740005,1.0,0.058434441685676575
1.0,0.012834002263844013,0.16179004311561584,0.9444444179534912,0.13748028874397278,1.0,0.002825894160196185,0.07088128477334976,1.0,0.057312414050102234
1.0,0.01262371800839901,0.16054922342300415,0.9444444179534912,0.13671401143074036,1.0,0.0026293175760656595,0.069280706346035,1.0,0.05612184852361679
1.0,0.012100446037948132,0.1583266258239746,0.9444444179534912,0.13507279753684998,1.0,0.00267117191106081,0.0682147666811943,1.0,0.0550583153963089
1.0,0.011905758641660213,0.1567527949810028,0.9444444179534912,0.13356010615825653,1.0,0.0026636028196662664,0.06719548255205154,1.0,0.054082710295915604
1.0,0.011746758595108986,0.15561963617801666,0.9444444179534912,0.13280633091926575,1.0,0.002483708318322897,0.06584084779024124,1.0,0.053068045526742935
1.0,0.011288234032690525,0.15349580347537994,0.9444444179534912,0.13121826946735382,1.0,0.0025090593844652176,0.06491655856370926,1.0,0.05214254558086395
1.0,0.011106993071734905,0.1521030217409134,0.9444444179534912,0.12991687655448914,1.0,0.00248369830660522,0.06385458260774612,1.0,0.05118894577026367
1.0,0.0109610790386796,0.1509360373020172,0.9444444179534912,0.12912073731422424,1.0,0.0023006100673228502,0.06257645040750504,1.0,0.050263792276382446
1.0,0.01051364652812481,0.14888505637645721,0.9444444179534912,0.12757673859596252,1.0,0.0023383197840303183,0.061745595186948776,1.0,0.049414753913879395
1.0,0.01030912809073925,0.1476098746061325,0.9444444179534912,0.12639865279197693,1.0,0.002371307695284486,0.060834791511297226,1.0,0.04855053126811981
1.0,0.010231741704046726,0.14647069573402405,0.9444444179534912,0.12553611397743225,1.0,0.002208240330219269,0.05970209836959839,1.0,0.04772590845823288
1.0,0.009845506399869919,0.14435304701328278,0.9444444179534912,0.12387824058532715,1.0,0.002224662574008107,0.058930352330207825,1.0,0.04695263132452965
1.0,0.00968758575618267,0.14327305555343628,0.9444444179534912,0.12288574874401093,1.0,0.002196545945480466,0.057987138628959656,1.0,0.04613981768488884
1.0,0.009539082646369934,0.14215809106826782,0.9444444179534912,0.12214119732379913,1.0,0.002049604430794716,0.05688935145735741,1.0,0.04535253345966339
1.0,0.009169386699795723,0.14013686776161194,0.9444444179534912,0.1205315813422203,1.0,0.0021175064612179995,0.056236330419778824,1.0,0.044635023921728134
1.0,0.009043013677001,0.13906365633010864,0.9444444179534912,0.11947788298130035,1.0,0.002128673018887639,0.055506687611341476,1.0,0.04394545406103134
1.0,0.008957142941653728,0.13809749484062195,0.9444444179534912,0.11881460249423981,1.0,0.0019532109145075083,0.05448775365948677,1.0,0.04325355589389801
1.0,0.008608123287558556,0.13611780107021332,0.9444444179534912,0.11727241426706314,1.0,0.001985951093956828,0.053784001618623734,1.0,0.04255444556474686
1.0,0.008457955904304981,0.1349804848432541,0.9444444179534912,0.11620795726776123,1.0,0.001991997240111232,0.052956413477659225,1.0,0.04182041808962822
1.0,0.008348563686013222,0.13402384519577026,0.9444444179534912,0.1155485287308693,1.0,0.0018651342252269387,0.051975738257169724,1.0,0.041127100586891174
1.0,0.008045694790780544,0.13214164972305298,0.9444444179534912,0.1140274852514267,1.0,0.0019362459424883127,0.05137651786208153,1.0,0.04047974571585655
1.0,0.007948605343699455,0.131153404712677,0.9444444179534912,0.11305395513772964,1.0,0.0019442375050857663,0.050689250230789185,1.0,0.03985133022069931
1.0,0.007871749810874462,0.13017341494560242,0.9444444179534912,0.11235389858484268,1.0,0.0017736093141138554,0.04980519786477089,1.0,0.03927060216665268
1.0,0.007578574120998383,0.12837225198745728,0.9444444179534912,0.11093349754810333,1.0,0.00180974998511374,0.049178678542375565,1.0,0.03864997997879982
1.0,0.007443263195455074,0.1272989809513092,0.9444444179534912,0.10992966592311859,1.0,0.0018268059939146042,0.0485057570040226,1.0,0.03803716599941254
1.0,0.007371121551841497,0.1264095902442932,0.9444444179534912,0.10929112136363983,1.0,0.001690367003902793,0.04770376905798912,1.0,0.03749378025531769
1.0,0.007106666453182697,0.12464753538370132,0.9444444179534912,0.10785837471485138,1.0,0.0017535670194774866,0.04719036445021629,1.0,0.036937762051820755
1.0,0.00699900696054101,0.12369653582572937,0.9444444179534912,0.10695049911737442,1.0,0.0017762790666893125,0.04655642807483673,1.0,0.036360181868076324
1.0,0.0069224657490849495,0.12281276285648346,0.9444444179534912,0.10632375627756119,1.0,0.0016538496129214764,0.04575181007385254,1.0,0.03581690043210983
1.0,0.006689776666462421,0.121012382209301,0.9444444179534912,0.1048240214586258,1.0,0.0017288539092987776,0.04524889588356018,1.0,0.03526662290096283
1.0,0.006611036602407694,0.12014374136924744,0.9444444179534912,0.1039671078324318,1.0,0.001742435386404395,0.044670578092336655,1.0,0.03474653139710426
1.0,0.006554333958774805,0.11929265409708023,0.9444444179534912,0.10336140543222427,1.0,0.001584526151418686,0.04391205683350563,1.0,0.03427102044224739
1.0,0.006331926677376032,0.1175859272480011,0.9444444179534912,0.10196429491043091,1.0,0.001629943260923028,0.043409720063209534,1.0,0.03376833349466324
1.0,0.006221490912139416,0.1166115328669548,0.9444444179534912,0.10104642808437347,1.0,0.0016580906230956316,0.04286358132958412,1.0,0.033266015350818634
1.0,0.006171301938593388,0.11584249138832092,0.9444444179534912,0.10049297660589218,1.0,0.0015352627960965037,0.042164113372564316,1.0,0.03280746564269066
1.0,0.005971196107566357,0.11418616771697998,0.9722222089767456,0.09911097586154938,1.0,0.0016004244098439813,0.04170690104365349,1.0,0.03232620283961296
1.0,0.0058784689754247665,0.11326950043439865,0.9722222089767456,0.09823516756296158,1.0,0.0016314799431711435,0.041200920939445496,1.0,0.03185731917619705
1.0,0.005864516366273165,0.11255607008934021,0.9722222089767456,0.09773184359073639,1.0,0.0014452907489612699,0.04044094309210777,1.0,0.03142719343304634
1.0,0.005727079696953297,0.11116468906402588,0.9722222089767456,0.09659288823604584,1.0,0.0014357082545757294,0.03990236669778824,1.0,0.030955936759710312
1.0,0.00548961479216814,0.10942374169826508,0.9722222089767456,0.0950036272406578,1.0,0.0016655116342008114,0.03962741047143936,1.0,0.03046080842614174
1.0,0.005506545305252075,0.10983787477016449,0.9722222089767456,0.09534984081983566,1.0,0.0016955361934378743,0.03914254531264305,1.0,0.030044415965676308
1.0,0.005496427416801453,0.10848583281040192,0.9722222089767456,0.094297856092453,1.0,0.0014366917312145233,0.03844941407442093,1.0,0.029726136475801468
1.0,0.00534870196133852,0.10635773092508316,0.9722222089767456,0.09244365990161896,1.0,0.0013787072384729981,0.03796684741973877,1.0,0.029326435178518295
1.0,0.005128524266183376,0.10535979270935059,0.9722222089767456,0.09155261516571045,1.0,0.0015819886466488242,0.037643913179636,1.0,0.028838012367486954
1.0,0.005110542289912701,0.10578055679798126,0.9722222089767456,0.09198231250047684,1.0,0.0016311552608385682,0.03716332092881203,1.0,0.02842276357114315
1.0,0.0051046996377408504,0.10415510833263397,0.9722222089767456,0.09063375741243362,1.0,0.0014131132047623396,0.036522045731544495,1.0,0.02810419723391533
1.0,0.004981711506843567,0.10206450521945953,0.9722222089767456,0.08876153826713562,1.0,0.0013699870323762298,0.036069270223379135,1.0,0.02771967463195324
1.0,0.004802797921001911,0.1013808622956276,0.9722222089767456,0.088152214884758,1.0,0.0015492094680666924,0.035793792456388474,1.0,0.027295853942632675
1.0,0.0047757187858223915,0.1016463041305542,0.9722222089767456,0.0884692519903183,1.0,0.0015735424822196364,0.03537444397807121,1.0,0.02695148065686226
1.0,0.004696717485785484,0.09992575645446777,1.0,0.08702902495861053,1.0,0.0015574980061501265,0.03495517000555992,1.0,0.02660064771771431
1.0,0.004625273402780294,0.0980956181883812,0.9722222089767456,0.08528134226799011,1.0,0.001528231892734766,0.03453178331255913,1.0,0.026248717680573463
1.0,0.0045465100556612015,0.09782036393880844,0.9722222089767456,0.0851636677980423,1.0,0.0014587922487407923,0.03402086719870567,1.0,0.02590409480035305
1.0,0.004471122287213802,0.09688498079776764,0.9722222089767456,0.08437829464673996,1.0,0.0014283451018854976,0.03355890139937401,1.0,0.025557296350598335
1.0,0.004389477428048849,0.09560302644968033,1.0,0.08328349888324738,1.0,0.001448179828003049,0.033143747597932816,1.0,0.025182923302054405
1.0,0.004311785101890564,0.0945875346660614,0.9722222089767456,0.08234001696109772,1.0,0.0014762148493900895,0.03277960047125816,1.0,0.024844786152243614
1.0,0.004254351370036602,0.09398285299539566,1.0,0.08188989758491516,1.0,0.0014591962099075317,0.0324120819568634,1.0,0.024554140865802765
1.0,0.004185250960290432,0.09281757473945618,1.0,0.08084450662136078,1.0,0.0014528665924444795,0.032069895416498184,1.0,0.024266261607408524
1.0,0.004116244148463011,0.09185908734798431,1.0,0.08004985749721527,1.0,0.0014588048215955496,0.03170989453792572,1.0,0.023954616859555244
1.0,0.004052544943988323,0.09092847257852554,1.0,0.07920197397470474,1.0,0.001469902927055955,0.03135456517338753,1.0,0.023645784705877304
1.0,0.003990869037806988,0.09011778235435486,1.0,0.07855287194252014,1.0,0.0014745440566912293,0.030987167730927467,1.0,0.023337239399552345
1.0,0.00393268559128046,0.08907938003540039,1.0,0.07760334759950638,1.0,0.0014854732435196638,0.03064347244799137,1.0,0.023037414997816086
1.0,0.0038794786669313908,0.08819751441478729,1.0,0.07687263935804367,1.0,0.0014622716698795557,0.030285948887467384,1.0,0.022759921848773956
1.0,0.003821140853688121,0.08723542094230652,1.0,0.07600655406713486,1.0,0.0014455605996772647,0.0299461018294096,1.0,0.022491971030831337
1.0,0.003764583496376872,0.0865045040845871,1.0,0.07542325556278229,1.0,0.0014493304770439863,0.029602857306599617,1.0,0.022204603999853134
1.0,0.0037036254070699215,0.08540593832731247,1.0,0.07442216575145721,1.0,0.0014736218145117164,0.02928512543439865,1.0,0.02191556617617607
1.0,0.0036509863566607237,0.08466502279043198,1.0,0.07381895184516907,1.0,0.0014894414925947785,0.02896992303431034,1.0,0.021639196202158928
1.0,0.0036003817804157734,0.08370912820100784,1.0,0.07294677197933197,1.0,0.0015049336943775415,0.02867894433438778,1.0,0.021379977464675903
1.0,0.0035544917918741703,0.08288823068141937,1.0,0.07226599007844925,1.0,0.0014853208558633924,0.02836613543331623,1.0,0.021137140691280365
1.0,0.00350375147536397,0.08189794421195984,1.0,0.07136918604373932,1.0,0.001470581628382206,0.028064975515007973,1.0,0.02090015821158886
1.0,0.0034563839435577393,0.08125162869691849,1.0,0.07085301727056503,1.0,0.0014727456727996469,0.0277581587433815,1.0,0.020646169781684875
1.0,0.00340268830768764,0.08016674220561981,1.0,0.0698658674955368,1.0,0.0014964700676500797,0.02747359126806259,1.0,0.02038748562335968
1.0,0.0033576146233826876,0.07949918508529663,1.0,0.06932155042886734,1.0,0.001514489995315671,0.027193253859877586,1.0,0.0201394222676754
1.0,0.0033112107776105404,0.07852218300104141,1.0,0.06843044608831406,1.0,0.0015345163410529494,0.026937613263726234,1.0,0.019906723871827126
1.0,0.003271926660090685,0.07780691981315613,1.0,0.06783891469240189,1.0,0.001518480945378542,0.0266584400087595,1.0,0.01969037391245365
1.0,0.0032264539040625095,0.07679528743028641,1.0,0.06692133843898773,1.0,0.0015089325606822968,0.02639240212738514,1.0,0.019478600472211838
1.0,0.0031863984186202288,0.07622278481721878,1.0,0.06646330654621124,1.0,0.001514916424639523,0.02612398751080036,1.0,0.01925303414463997
1.0,0.003138528671115637,0.07514689862728119,1.0,0.06548435986042023,1.0,0.0015421947464346886,0.025876188650727272,1.0,0.01902167499065399
1.0,0.0031031433027237654,0.07455454766750336,1.0,0.06499874591827393,1.0,0.0015387895982712507,0.025609077885746956,1.0,0.018805742263793945
1.0,0.0030592717230319977,0.07352634519338608,1.0,0.0640670508146286,1.0,0.0015409552725031972,0.025361938402056694,1.0,0.01859968528151512
1.0,0.0030227922834455967,0.07300238311290741,1.0,0.06364761292934418,1.0,0.0015546237118542194,0.025117618963122368,1.0,0.01838657446205616
1.0,0.002978747943416238,0.0719226747751236,1.0,0.06266411393880844,1.0,0.0015849258052185178,0.024893417954444885,1.0,0.018171511590480804
1.0,0.002943319734185934,0.07138197869062424,1.0,0.062225669622421265,1.0,0.0016040659975260496,0.024667805060744286,1.0,0.01796799898147583
1.0,0.0029049706645309925,0.07039583474397659,1.0,0.06132688373327255,1.0,0.001626215293072164,0.024457743391394615,1.0,0.017772167921066284
1.0,0.0028801497537642717,0.06973278522491455,1.0,0.06075377017259598,1.0,0.0016502839280292392,0.024216143414378166,1.0,0.017546992748975754
1.0,0.002834118902683258,0.06893246620893478,1.0,0.06004074215888977,1.0,0.0016452008858323097,0.023994455114006996,1.0,0.017369424924254417
1.0,0.002826492767781019,0.0683709979057312,1.0,0.05955502390861511,1.0,0.001679812790825963,0.023769229650497437,1.0,0.017148952931165695
1.0,0.002763841999694705,0.06738507002592087,1.0,0.05866748094558716,1.0,0.001753010437823832,0.023571038618683815,1.0,0.01690874807536602
1.0,0.002738440874963999,0.06696584820747375,1.0,0.05835624784231186,1.0,0.0016209809109568596,0.023241398856043816,1.0,0.01678011752665043
1.0,0.002708243206143379,0.0658336877822876,1.0,0.057319276034832,1.0,0.0018063463503494859,0.023137956857681274,1.0,0.016497397795319557
1.0,0.0026695157866925,0.06544265896081924,1.0,0.056962184607982635,1.0,0.0018621385097503662,0.02303280495107174,1.0,0.016349611803889275
1.0,0.0026482720859348774,0.06497708708047867,1.0,0.056622445583343506,1.0,0.0016675451770424843,0.02269291877746582,1.0,0.016275016590952873
1.0,0.0026450655423104763,0.06354915350675583,1.0,0.055290937423706055,1.0,0.001668561715632677,0.022383257746696472,1.0,0.016017766669392586
1.0,0.00258934055455029,0.06299914419651031,1.0,0.054815005511045456,1.0,0.001735229161567986,0.02221296727657318,1.0,0.015810668468475342
1.0,0.0025520522613078356,0.06281036883592606,1.0,0.05470644682645798,1.0,0.0017639402067288756,0.02210981957614422,1.0,0.015698960050940514
1.0,0.0025351953227072954,0.06177036091685295,1.0,0.05377448350191116,1.0,0.001704003312624991,0.02180769294500351,1.0,0.015516442246735096
1.0,0.002509498270228505,0.0610525868833065,1.0,0.05312327295541763,1.0,0.0017637881683185697,0.021567286923527718,1.0,0.015257799066603184
1.0,0.0024689508136361837,0.06042633578181267,1.0,0.052574146538972855,1.0,0.0018035449320450425,0.021482452750205994,1.0,0.015147333964705467
1.0,0.0024451471399515867,0.06039363890886307,1.0,0.0526060052216053,1.0,0.001859305426478386,0.02140960842370987,1.0,0.015028594993054867
1.0,0.0024158176966011524,0.05880322679877281,1.0,0.051138103008270264,1.0,0.0019367390777915716,0.02129564993083477,1.0,0.014850848354399204
1.0,0.0024028681218624115,0.05861085653305054,1.0,0.05098068714141846,1.0,0.0019493619911372662,0.021134352311491966,1.0,0.01470372173935175
1.0,0.002366717206314206,0.057800956070423126,1.0,0.05026111751794815,1.0,0.001962607493624091,0.020987695083022118,1.0,0.014569065533578396
1.0,0.0023426595143973827,0.05744230002164841,1.0,0.049974504858255386,1.0,0.0019794602412730455,0.020799551159143448,1.0,0.014398503117263317
1.0,0.002312802243977785,0.0564550943672657,1.0,0.04908085614442825,1.0,0.0019681649282574654,0.02061077021062374,1.0,0.014257114380598068
1.0,0.002288226969540119,0.056247249245643616,1.0,0.04893804341554642,1.0,0.0019499595509842038,0.020427722483873367,1.0,0.014129390940070152
1.0,0.002262083813548088,0.055151499807834625,1.0,0.04793960973620415,1.0,0.0019904314540326595,0.020309804007411003,1.0,0.013993257656693459
1.0,0.0022580265067517757,0.05485996603965759,1.0,0.04768414795398712,1.0,0.0020698511507362127,0.020220309495925903,1.0,0.013839434832334518
1.0,0.002217575442045927,0.05404433608055115,1.0,0.04695168510079384,1.0,0.0021598506718873978,0.02016020379960537,1.0,0.013695814646780491
1.0,0.0021991808898746967,0.05369884520769119,1.0,0.04668407514691353,1.0,0.0020176712423563004,0.019860876724123955,1.0,0.01360305491834879
1.0,0.0021699252538383007,0.052805978804826736,1.0,0.0458819605410099,1.0,0.002190153580158949,0.019859757274389267,1.0,0.013418130576610565
1.0,0.002148344414308667,0.05238933861255646,1.0,0.04550357908010483,1.0,0.0022330787032842636,0.019822318106889725,1.0,0.013339940458536148
1.0,0.0021307477727532387,0.05195682495832443,1.0,0.04515833035111427,1.0,0.00207894085906446,0.01950935833156109,1.0,0.01324958261102438
1.0,0.002109682420268655,0.05088527873158455,1.0,0.04417843371629715,1.0,0.0021564397029578686,0.019352538511157036,1.0,0.013043176382780075
1.0,0.0020851062145084143,0.0505991205573082,1.0,0.043938472867012024,1.0,0.0022198206279426813,0.019323574379086494,1.0,0.012954004108905792
1.0,0.0020649281796067953,0.05018790438771248,1.0,0.04359545558691025,1.0,0.0022709458135068417,0.019293207675218582,1.0,0.012874847277998924
1.0,0.0020434174221009016,0.049340151250362396,1.0,0.042832545936107635,1.0,0.0023343933280557394,0.019209489226341248,1.0,0.012738989666104317
1.0,0.0020290599204599857,0.0488370917737484,1.0,0.04239148646593094,1.0,0.002134146634489298,0.01887270249426365,1.0,0.012678162194788456
1.0,0.002053939737379551,0.048560723662376404,1.0,0.04211803525686264,1.0,0.0021502412855625153,0.0186864472925663,1.0,0.012513739056885242
1.0,0.0019968904089182615,0.047565896064043045,1.0,0.041228845715522766,1.0,0.0025075997691601515,0.018952546641230583,1.0,0.012352487072348595
1.0,0.0019693109206855297,0.04771172255277634,1.0,0.04141996428370476,1.0,0.0023801622446626425,0.01883036643266678,1.0,0.01238761842250824
1.0,0.001970390323549509,0.04689697176218033,1.0,0.040678881108760834,1.0,0.002451199572533369,0.01866387017071247,1.0,0.01217955444008112
1.0,0.0019301812862977386,0.0459122359752655,1.0,0.0397806242108345,1.0,0.0024885970633476973,0.01854616031050682,1.0,0.012044046074151993
1.0,0.0019129434367641807,0.04613625630736351,1.0,0.040037691593170166,1.0,0.0024251353461295366,0.018452929332852364,1.0,0.012034086510539055
1.0,0.0018978811567649245,0.04505019262433052,1.0,0.039044566452503204,1.0,0.0025372665841132402,0.018425902351737022,1.0,0.011894723400473595
1.0,0.001878452254459262,0.04468345269560814,1.0,0.038739968091249466,1.0,0.0023964745923876762,0.018140284344553947,1.0,0.011815589852631092
1.0,0.0018717950442805886,0.044073436409235,1.0,0.03817305713891983,1.0,0.0026998326648026705,0.018338680267333984,1.0,0.011656728573143482
1.0,0.0018419973785057664,0.04382263123989105,1.0,0.03796558454632759,1.0,0.0027856247033923864,0.018417229875922203,1.0,0.011627288535237312
1.0,0.0018251407891511917,0.04347272962331772,1.0,0.037695787847042084,1.0,0.002559198532253504,0.01806897297501564,1.0,0.011585849337279797
1.0,0.0018259857315570116,0.04236484318971634,1.0,0.03665871173143387,1.0,0.0026670515071600676,0.01796637661755085,1.0,0.011392847634851933
1.0,0.0017933959607034922,0.04219299927353859,1.0,0.03653014451265335,1.0,0.0027239781338721514,0.01798623614013195,1.0,0.011348343454301357
1.0,0.0017841982189565897,0.04191087186336517,1.0,0.036292195320129395,1.0,0.0028456775471568108,0.018071839585900307,1.0,0.011287914589047432
1.0,0.0017617663834244013,0.041208378970623016,1.0,0.03567512333393097,1.0,0.002699123229831457,0.01778438687324524,1.0,0.011212607845664024
1.0,0.0017666335916146636,0.04082242026925087,1.0,0.03531421348452568,1.0,0.0027488195337355137,0.017658261582255363,1.0,0.011061953380703926
1.0,0.0017304482171311975,0.0402158685028553,1.0,0.034777671098709106,1.0,0.003038549330085516,0.017941370606422424,1.0,0.010981764644384384
1.0,0.0017147778999060392,0.04019630700349808,1.0,0.03480137139558792,1.0,0.002817427506670356,0.01770220883190632,1.0,0.011020402424037457
1.0,0.0017270963871851563,0.039532262831926346,1.0,0.03417990729212761,1.0,0.0029380384366959333,0.01762756146490574,1.0,0.010837337002158165
1.0,0.0016848494997248054,0.038774099200963974,1.0,0.03350219875574112,1.0,0.003051206935197115,0.017670145258307457,1.0,0.010753106325864792
1.0,0.001675526611506939,0.03891648352146149,1.0,0.03366599977016449,1.0,0.003081340342760086,0.01768871583044529,1.0,0.010734885931015015
1.0,0.0016547422856092453,0.03806423395872116,1.0,0.03290041908621788,1.0,0.0031584647949784994,0.01768501289188862,1.0,0.01065043918788433
1.0,0.0016439140308648348,0.037690043449401855,1.0,0.03257562965154648,1.0,0.0030273275915533304,0.01739923097193241,1.0,0.01056188065558672
1.0,0.0016308892518281937,0.037191376090049744,1.0,0.03212876617908478,1.0,0.0030875953380018473,0.017378175631165504,1.0,0.010482652112841606
1.0,0.0016166940331459045,0.03689294680953026,1.0,0.031871940940618515,1.0,0.0031780770514160395,0.017443321645259857,1.0,0.010438627563416958
1.0,0.0016050746198743582,0.036427464336156845,1.0,0.03145487233996391,1.0,0.0033771300222724676,0.017601368948817253,1.0,0.010354585945606232
1.0,0.0015835871454328299,0.0360325388610363,1.0,0.031114881858229637,1.0,0.003491570008918643,0.017683541402220726,1.0,0.01029808446764946
1.0,0.0015714277978986502,0.03568640723824501,1.0,0.030820569023489952,1.0,0.0032091818284243345,0.0172834862023592,1.0,0.010275748558342457
1.0,0.0015875790268182755,0.035290516912937164,1.0,0.03044065833091736,1.0,0.0032573228236287832,0.017170904204249382,1.0,0.010138762183487415
1.0,0.0015468618366867304,0.03468777984380722,1.0,0.02991177700459957,1.0,0.003649221733212471,0.017605768516659737,1.0,0.010072736069560051
1.0,0.0015313418116420507,0.034779250621795654,1.0,0.030033519491553307,1.0,0.003400714136660099,0.01736322045326233,1.0,0.01013856939971447
1.0,0.0015551869291812181,0.0341915637254715,1.0,0.029473016038537025,1.0,0.003568374551832676,0.017392171546816826,1.0,0.009988904930651188
1.0,0.0015071331290528178,0.033506713807582855,1.0,0.028871629387140274,1.0,0.0037243268452584743,0.017505129799246788,1.0,0.009915530681610107
1.0,0.0015095679555088282,0.033640582114458084,1.0,0.029016394168138504,1.0,0.003457220969721675,0.017179420217871666,1.0,0.009935618378221989
1.0,0.0015098167350515723,0.03289550542831421,1.0,0.028330158442258835,1.0,0.0036873631179332733,0.01732715405523777,1.0,0.009812721982598305
1.0,0.0014710566028952599,0.032493311911821365,1.0,0.02799331769347191,1.0,0.003911678213626146,0.01755380816757679,1.0,0.009756297804415226
1.0,0.00145711877848953,0.03236889839172363,1.0,0.02790183760225773,1.0,0.004007440060377121,0.017674829810857773,1.0,0.009749097749590874
1.0,0.0014499498065561056,0.03187315911054611,1.0,0.027458015829324722,1.0,0.00385691924020648,0.017392858862876892,1.0,0.009683309122920036
1.0,0.0014456678181886673,0.03146612271666527,1.0,0.027092745527625084,1.0,0.003649370977655053,0.01699753850698471,1.0,0.00958962831646204
1.0,0.0014336728490889072,0.031131986528635025,1.0,0.026792000979185104,1.0,0.003988258074969053,0.017356999218463898,1.0,0.009519142098724842
1.0,0.0014148589689284563,0.030942512676119804,1.0,0.026640573516488075,1.0,0.004073696676641703,0.017499566078186035,1.0,0.009539598599076271
1.0,0.0014083104906603694,0.03068077564239502,1.0,0.026420146226882935,1.0,0.003977367654442787,0.017297035083174706,1.0,0.009480559267103672
1.0,0.0013944191159680486,0.029959065839648247,1.0,0.025762999430298805,1.0,0.004178314004093409,0.017437219619750977,1.0,0.009382221847772598
1.0,0.0013810876989737153,0.02989344112575054,1.0,0.02571813389658928,1.0,0.004280876833945513,0.017576279118657112,1.0,0.009383139200508595
1.0,0.0013697908725589514,0.02958432212471962,1.0,0.025450408458709717,1.0,0.00454356987029314,0.017872555181384087,1.0,0.009341197088360786
1.0,0.0013579025398939848,0.02916862629354,1.0,0.025083761662244797,1.0,0.0043189325369894505,0.017530376091599464,1.0,0.00930580124258995
1.0,0.0013566522393375635,0.028893347829580307,1.0,0.02483549900352955,1.0,0.004360285587608814,0.017476169392466545,1.0,0.009221089072525501
1.0,0.0013391646789386868,0.028470609337091446,1.0,0.024459954351186752,1.0,0.004420469515025616,0.017526613548398018,1.0,0.009197396226227283
1.0,0.0013337224954739213,0.028455128893256187,1.0,0.024464717134833336,1.0,0.004264065995812416,0.017305416986346245,1.0,0.009186377748847008
1.0,0.0013241851702332497,0.027844002470374107,1.0,0.02391011267900467,1.0,0.004549094475805759,0.0175914503633976,1.0,0.009115188382565975
1.0,0.0013097693445160985,0.027634335681796074,1.0,0.023730237036943436,1.0,0.004768932703882456,0.017858460545539856,1.0,0.009094510227441788
1.0,0.0012974687851965427,0.027440834790468216,1.0,0.023570924997329712,1.0,0.004927222151309252,0.01805763691663742,1.0,0.00908375158905983
1.0,0.0012917034327983856,0.027016477659344673,1.0,0.023190075531601906,1.0,0.0047740028239786625,0.017794890329241753,1.0,0.009036442264914513
1.0,0.0012900731526315212,0.026757799088954926,1.0,0.022958535701036453,1.0,0.004536712542176247,0.01739477925002575,1.0,0.008970454335212708
1.0,0.0012783098500221968,0.026402899995446205,1.0,0.022640544921159744,1.0,0.004761985968798399,0.017614329233765602,1.0,0.008908599615097046
1.0,0.0012630281271412969,0.02629510685801506,1.0,0.022560711950063705,1.0,0.005003226455301046,0.017937658354640007,1.0,0.00890938937664032
1.0,0.0012504964834079146,0.025998134166002274,1.0,0.022304901853203773,1.0,0.0053322892636060715,0.018344249576330185,1.0,0.008884276263415813
1.0,0.001239062868990004,0.025590049102902412,1.0,0.021940384060144424,1.0,0.005632536020129919,0.01868363469839096,1.0,0.008836651220917702
1.0,0.0012296820059418678,0.025408275425434113,1.0,0.02178741991519928,1.0,0.005200204439461231,0.018102455884218216,1.0,0.008829650469124317
1.0,0.0012335788924247026,0.025158314034342766,1.0,0.021561428904533386,1.0,0.004849548451602459,0.017566559836268425,1.0,0.008775766007602215
1.0,0.0012277408968657255,0.02470185048878193,1.0,0.021141570061445236,1.0,0.005116559565067291,0.01783367060124874,1.0,0.008708701469004154
1.0,0.0012081795139238238,0.024681398645043373,1.0,0.021145621314644814,1.0,0.005333736538887024,0.018148986622691154,1.0,0.008728167973458767
1.0,0.0011961808195337653,0.024436011910438538,1.0,0.020938541740179062,1.0,0.005695771891623735,0.0186225064098835,1.0,0.008721254765987396
1.0,0.0011854369658976793,0.023996174335479736,1.0,0.02054726891219616,1.0,0.005554683040827513,0.018401185050606728,1.0,0.008694573305547237
1.0,0.0011897613294422626,0.023820625618100166,1.0,0.020385393872857094,1.0,0.005282440688461065,0.017982052639126778,1.0,0.008650382049381733
1.0,0.0011833758326247334,0.023492954671382904,1.0,0.020087625831365585,1.0,0.0055542378686368465,0.01828032173216343,1.0,0.008601488545536995
1.0,0.001163652166724205,0.023397821933031082,1.0,0.020023252815008163,1.0,0.005828475579619408,0.018654638901352882,1.0,0.008607427589595318
1.0,0.0011523609282448888,0.02314748615026474,1.0,0.01980893313884735,1.0,0.006209965329617262,0.01914464868605137,1.0,0.008592769503593445
1.0,0.0011430175509303808,0.022791117429733276,1.0,0.019493605941534042,1.0,0.005983364302664995,0.018817173317074776,1.0,0.008571524173021317
1.0,0.0011488712625578046,0.0226201880723238,1.0,0.019334666430950165,1.0,0.005666165146976709,0.01833854801952839,1.0,0.008527610450983047
1.0,0.0011423060204833746,0.022286858409643173,1.0,0.0190315879881382,1.0,0.005951973609626293,0.018655618652701378,1.0,0.008478918112814426
1.0,0.0011221341555938125,0.02221762388944626,1.0,0.018991239368915558,1.0,0.006218600552529097,0.019024239853024483,1.0,0.008488180115818977
1.0,0.001113388454541564,0.021964384242892265,1.0,0.018770329654216766,1.0,0.006763163488358259,0.01971404068171978,1.0,0.00846018735319376
1.0,0.001102685695514083,0.021683821454644203,1.0,0.01852564513683319,1.0,0.006543823983520269,0.01939481683075428,1.0,0.008437459357082844
1.0,0.001094100414775312,0.02152191661298275,1.0,0.018392439931631088,1.0,0.006026366259902716,0.018666384741663933,1.0,0.008405902422964573
1.0,0.0010978967184200883,0.021134672686457634,1.0,0.018029198050498962,1.0,0.00629619462415576,0.018952302634716034,1.0,0.008349818177521229
1.0,0.0010827564401552081,0.021083036437630653,1.0,0.01799788512289524,1.0,0.00654779514297843,0.019299881532788277,1.0,0.008358309045433998
1.0,0.0010725019965320826,0.02092273347079754,1.0,0.017866354435682297,1.0,0.006962561514228582,0.019866501912474632,1.0,0.008368788287043571
1.0,0.0010641575790941715,0.020566681399941444,1.0,0.017548605799674988,1.0,0.0069913314655423164,0.019870063289999962,1.0,0.008341783657670021
