temperatura,umidade,luminosidade,classe_termica,classe_iluminacao
20.1,40.0,1718,ADEQUADO,ILUMINACAO_ADEQUADA
20.5,52.5,435,ADEQUADO,ILUMINACAO_ADEQUADA
21.9,43.0,101,ADEQUADO,ILUMINACAO_ADEQUADA
23.1,49.0,101,ADEQUADO,ILUMINACAO_ADEQUADA
23.9,54.0,435,ADEQUADO,ILUMINACAO_ADEQUADA
24.0,50.0,1560,ADEQUADO,ILUMINACAO_ADEQUADA
25.3,56.5,435,ADEQUADO,ILUMINACAO_ADEQUADA
25.5,61.5,905,ADEQUADO,ILUMINACAO_ADEQUADA
26.3,70.0,905,ADEQUADO,ILUMINACAO_ADEQUADA
27.0,70.0,1378,ADEQUADO,ILUMINACAO_ADEQUADA
21.4,44.0,2275,ADEQUADO,BAIXA_ILUMINACAO
22.8,47.0,2593,ADEQUADO,BAIXA_ILUMINACAO
23.3,50.0,2623,ADEQUADO,BAIXA_ILUMINACAO
23.3,50.0,3163,ADEQUADO,BAIXA_ILUMINACAO
23.3,50.0,3706,ADEQUADO,BAIXA_ILUMINACAO
24.7,55.0,3933,ADEQUADO,BAIXA_ILUMINACAO
25.9,64.0,2593,ADEQUADO,BAIXA_ILUMINACAO
26.0,60.0,3822,ADEQUADO,BAIXA_ILUMINACAO
26.7,64.0,3356,ADEQUADO,BAIXA_ILUMINACAO
22.8,47.0,4049,ADEQUADO,BAIXA_ILUMINACAO
29.2,39.0,776,QUENTE_E_SECO,ILUMINACAO_ADEQUADA
30.8,39.0,776,QUENTE_E_SECO,ILUMINACAO_ADEQUADA
30.8,38.0,776,QUENTE_E_SECO,ILUMINACAO_ADEQUADA
30.8,30.0,435,QUENTE_E_SECO,ILUMINACAO_ADEQUADA
31.5,30.0,435,QUENTE_E_SECO,ILUMINACAO_ADEQUADA
33.9,30.0,435,QUENTE_E_SECO,ILUMINACAO_ADEQUADA
33.9,22.5,143,QUENTE_E_SECO,ILUMINACAO_ADEQUADA
35.1,22.5,81,QUENTE_E_SECO,ILUMINACAO_ADEQUADA
35.3,22.5,81,QUENTE_E_SECO,ILUMINACAO_ADEQUADA
35.3,20.0,55,QUENTE_E_SECO,ILUMINACAO_ADEQUADA
30.0,20.0,2308,QUENTE_E_SECO,BAIXA_ILUMINACAO
30.0,30.0,2713,QUENTE_E_SECO,BAIXA_ILUMINACAO
32.0,20.0,2308,QUENTE_E_SECO,BAIXA_ILUMINACAO
33.0,36.5,2991,QUENTE_E_SECO,BAIXA_ILUMINACAO
33.6,40.0,3316,QUENTE_E_SECO,BAIXA_ILUMINACAO
34.3,22.5,3316,QUENTE_E_SECO,BAIXA_ILUMINACAO
34.9,36.5,2713,QUENTE_E_SECO,BAIXA_ILUMINACAO
35.0,28.5,3683,QUENTE_E_SECO,BAIXA_ILUMINACAO
35.0,33.5,3854,QUENTE_E_SECO,BAIXA_ILUMINACAO
35.3,20.0,2771,QUENTE_E_SECO,BAIXA_ILUMINACAO
30.0,78.5,1783,QUENTE_E_UMIDO,ILUMINACAO_ADEQUADA
30.5,78.5,1179,QUENTE_E_UMIDO,ILUMINACAO_ADEQUADA
31.1,82.5,975,QUENTE_E_UMIDO,ILUMINACAO_ADEQUADA
32.6,74.5,399,QUENTE_E_UMIDO,ILUMINACAO_ADEQUADA
32.6,88.5,861,QUENTE_E_UMIDO,ILUMINACAO_ADEQUADA
33.3,76.5,240,QUENTE_E_UMIDO,ILUMINACAO_ADEQUADA
33.3,90.5,240,QUENTE_E_UMIDO,ILUMINACAO_ADEQUADA
34.1,80.0,315,QUENTE_E_UMIDO,ILUMINACAO_ADEQUADA
34.1,90.5,188,QUENTE_E_UMIDO,ILUMINACAO_ADEQUADA
35.8,95.0,61,QUENTE_E_UMIDO,ILUMINACAO_ADEQUADA
29.0,70.0,2800,QUENTE_E_UMIDO,BAIXA_ILUMINACAO
29.7,70.0,2800,QUENTE_E_UMIDO,BAIXA_ILUMINACAO
30.5,73.5,2800,QUENTE_E_UMIDO,BAIXA_ILUMINACAO
30.5,76.0,2653,QUENTE_E_UMIDO,BAIXA_ILUMINACAO
33.9,76.0,3092,QUENTE_E_UMIDO,BAIXA_ILUMINACAO
34.0,84.5,3140,QUENTE_E_UMIDO,BAIXA_ILUMINACAO
34.3,84.5,3846,QUENTE_E_UMIDO,BAIXA_ILUMINACAO
35.9,86.0,3846,QUENTE_E_UMIDO,BAIXA_ILUMINACAO
35.9,93.5,3619,QUENTE_E_UMIDO,BAIXA_ILUMINACAO
36.0,95.0,4046,QUENTE_E_UMIDO,BAIXA_ILUMINACAO